City,Cloudiness,Country,Date,Humidity,Max Temperature,Latitude,Longitude,Wind Speed
Qaanaaq,99,GL,1970-01-01 00:00:01.595199703,69,47.37,77.48,-69.36,1.43
Kiryat Gat,0,IL,1970-01-01 00:00:01.595199915,67,78.01,31.61,34.76,1.1
Okitipupa,100,NG,1970-01-01 00:00:01.595199915,93,74.46,6.5,4.78,2.33
Chimoio,20,MZ,1970-01-01 00:00:01.595199915,100,55.4,-19.12,33.48,4.7
Albany,50,US,1970-01-01 00:00:01.595199902,54,93.0,42.6,-73.97,4.36
Faanui,71,PF,1970-01-01 00:00:01.595199916,83,77.34,-16.48,-151.75,20.67
East London,0,ZA,1970-01-01 00:00:01.595199916,65,59.92,-33.02,27.91,7.52
Karratha,0,AU,1970-01-01 00:00:01.595199887,69,61.48,-20.74,116.85,11.56
Bystryy Istok,65,RU,1970-01-01 00:00:01.595199916,89,57.34,52.37,84.39,3.83
Butaritari,75,KI,1970-01-01 00:00:01.595199916,77,83.44,3.07,172.79,15.3
Kattivākkam,40,IN,1970-01-01 00:00:01.595199916,88,80.6,13.22,80.32,2.24
Jalu,36,LY,1970-01-01 00:00:01.595199916,46,79.99,29.03,21.55,10.74
Ushuaia,0,AR,1970-01-01 00:00:01.595199703,86,28.4,-54.8,-68.3,8.05
George Town,40,MY,1970-01-01 00:00:01.595199649,100,78.8,5.41,100.34,4.7
Bethel,1,US,1970-01-01 00:00:01.595199917,55,87.8,41.37,-73.41,12.75
Bluff,81,NZ,1970-01-01 00:00:01.595199917,83,39.0,-46.6,168.33,3.0
Carnarvon,0,AU,1970-01-01 00:00:01.595199757,87,48.2,-24.87,113.63,8.05
São Filipe,86,CV,1970-01-01 00:00:01.595199917,82,77.27,14.9,-24.5,7.72
Abéché,86,TD,1970-01-01 00:00:01.595199917,72,78.17,13.83,20.83,19.48
Fortuna,20,US,1970-01-01 00:00:01.595199918,72,70.0,40.6,-124.16,13.87
Rikitea,49,PF,1970-01-01 00:00:01.595199918,65,68.68,-23.12,-134.97,12.3
Adrar,33,MR,1970-01-01 00:00:01.595199713,20,96.22,20.5,-10.07,6.33
Bonavista,66,CA,1970-01-01 00:00:01.595199918,76,60.31,48.65,-53.11,0.58
Zaysan,99,KZ,1970-01-01 00:00:01.595199918,49,70.95,47.47,84.87,5.79
Kangaatsiaq,79,GL,1970-01-01 00:00:01.595199834,62,50.88,68.31,-53.46,11.43
Manta,20,EC,1970-01-01 00:00:01.595199918,73,77.0,-0.95,-80.73,12.75
Punta Arenas,75,CL,1970-01-01 00:00:01.595199918,69,35.6,-53.15,-70.92,6.93
Hobart,75,AU,1970-01-01 00:00:01.595199694,57,48.2,-42.88,147.33,14.99
Atuona,15,PF,1970-01-01 00:00:01.595199919,74,79.57,-9.8,-139.03,14.83
Norman Wells,75,CA,1970-01-01 00:00:01.595199919,63,64.4,65.28,-126.83,5.82
Bathsheba,20,BB,1970-01-01 00:00:01.595199721,66,84.2,13.22,-59.52,13.87
Hilo,20,US,1970-01-01 00:00:01.595199919,62,84.2,19.73,-155.09,11.41
Busselton,43,AU,1970-01-01 00:00:01.595199919,77,46.99,-33.65,115.33,7.2
Massagno,75,CH,1970-01-01 00:00:01.595199919,73,69.8,46.02,8.95,2.24
Cherskiy,0,RU,1970-01-01 00:00:01.595199919,43,71.44,68.75,161.3,5.91
Antofagasta,75,CL,1970-01-01 00:00:01.595199724,76,57.2,-23.65,-70.4,10.29
Dikson,100,RU,1970-01-01 00:00:01.595199701,96,40.93,73.51,80.55,12.08
Øksfjord,75,NO,1970-01-01 00:00:01.595199920,82,57.2,70.24,22.35,21.92
Ribeira Grande,72,PT,1970-01-01 00:00:01.595199920,76,69.28,38.52,-28.7,4.65
Saldanha,0,ZA,1970-01-01 00:00:01.595199920,87,48.2,-33.01,17.94,3.36
Vardø,100,NO,1970-01-01 00:00:01.595199920,95,54.25,70.37,31.11,9.51
Dillon,1,US,1970-01-01 00:00:01.595199920,55,93.0,34.42,-79.37,4.7
Pacific Grove,1,US,1970-01-01 00:00:01.595199920,64,70.0,36.62,-121.92,12.75
Ryabovo,26,RU,1970-01-01 00:00:01.595199921,77,62.6,59.4,31.13,4.47
Puerto Ayora,96,EC,1970-01-01 00:00:01.595199707,89,71.01,-0.74,-90.35,5.01
Tuktoyaktuk,75,CA,1970-01-01 00:00:01.595199921,75,46.4,69.45,-133.04,5.82
Sampit,23,ID,1970-01-01 00:00:01.595199921,97,73.76,-2.53,112.95,1.88
Avarua,77,CK,1970-01-01 00:00:01.595199921,88,71.6,-21.21,-159.78,19.46
Kirakira,11,SB,1970-01-01 00:00:01.595199921,75,82.47,-10.45,161.92,7.31
Kapaa,90,US,1970-01-01 00:00:01.595199921,74,84.99,22.08,-159.32,14.99
Hong Kong,100,HK,1970-01-01 00:00:01.595199921,79,84.0,22.29,114.16,9.48
Nānākuli,40,US,1970-01-01 00:00:01.595199922,49,89.6,21.39,-158.15,10.29
Gilgit,6,PK,1970-01-01 00:00:01.595199922,40,73.51,35.92,74.31,0.43
Kavieng,29,PG,1970-01-01 00:00:01.595199702,74,83.23,-2.57,150.8,9.69
Qaqortoq,6,GL,1970-01-01 00:00:01.595199922,38,60.8,60.72,-46.03,6.93
Asău,100,RO,1970-01-01 00:00:01.595199922,96,60.01,46.43,26.4,3.0
Amuntai,65,ID,1970-01-01 00:00:01.595199922,96,73.38,-2.42,115.25,1.43
Port Alfred,0,ZA,1970-01-01 00:00:01.595199705,71,60.24,-33.59,26.89,6.98
Kānt,100,IN,1970-01-01 00:00:01.595199923,72,85.75,27.8,79.8,4.88
Mar del Plata,90,AR,1970-01-01 00:00:01.595199923,100,52.0,-38.0,-57.56,13.87
Jamestown,20,US,1970-01-01 00:00:01.595199673,94,75.99,42.1,-79.24,10.29
Cape Town,40,ZA,1970-01-01 00:00:01.595199682,93,60.01,-33.93,18.42,9.17
Port Elizabeth,0,ZA,1970-01-01 00:00:01.595199923,100,53.6,-33.92,25.57,3.36
Acajutla,40,SV,1970-01-01 00:00:01.595199742,46,91.4,13.59,-89.83,2.24
Khovd,19,MN,1970-01-01 00:00:01.595199924,64,63.36,48.01,91.64,0.87
Marawi,88,PH,1970-01-01 00:00:01.595199924,89,75.0,8.0,124.29,4.0
Buala,55,SB,1970-01-01 00:00:01.595199924,71,83.52,-8.14,159.59,5.44
Digby,100,CA,1970-01-01 00:00:01.595199626,92,66.99,44.62,-65.77,8.99
Airai,19,TL,1970-01-01 00:00:01.595199924,55,57.42,-8.93,125.41,2.71
Saint-Philippe,40,RE,1970-01-01 00:00:01.595199924,72,64.4,-21.36,55.77,4.7
Provideniya,75,RU,1970-01-01 00:00:01.595199925,66,55.4,64.38,-173.3,8.95
Kroonstad,0,ZA,1970-01-01 00:00:01.595199925,39,47.03,-27.65,27.23,5.91
Codrington,72,AU,1970-01-01 00:00:01.595199925,76,51.35,-38.27,141.97,15.41
Kāman,99,IN,1970-01-01 00:00:01.595199925,67,87.73,27.65,77.27,8.66
Waddān,0,LY,1970-01-01 00:00:01.595199925,56,77.41,29.16,16.14,16.04
Mahibadhoo,100,MV,1970-01-01 00:00:01.595199925,77,82.15,3.78,72.97,26.69
Severo-Kuril'sk,100,RU,1970-01-01 00:00:01.595199925,87,51.96,50.68,156.12,11.56
Luwuk,63,ID,1970-01-01 00:00:01.595199925,77,78.03,-0.95,122.79,6.29
Khatanga,98,RU,1970-01-01 00:00:01.595199926,78,51.8,71.97,102.5,2.62
Beringovskiy,58,RU,1970-01-01 00:00:01.595199926,78,45.14,63.05,179.32,15.57
Yerbogachën,68,RU,1970-01-01 00:00:01.595199839,80,53.87,61.28,108.01,0.92
Cairns,20,AU,1970-01-01 00:00:01.595199842,77,64.4,-16.92,145.77,9.17
Seoul,90,KR,1970-01-01 00:00:01.595199747,83,78.8,37.57,126.98,5.82
Bemidji,40,US,1970-01-01 00:00:01.595199926,52,73.0,47.47,-94.88,16.11
Tabuk,5,PH,1970-01-01 00:00:01.595199926,82,76.75,17.42,121.44,3.62
Constitución,78,CL,1970-01-01 00:00:01.595199926,88,53.38,-35.33,-72.42,7.74
Chui,96,UY,1970-01-01 00:00:01.595199926,83,66.99,-33.7,-53.46,7.45
Gijón,90,ES,1970-01-01 00:00:01.595199927,93,68.0,43.54,-5.66,2.24
Thompson,75,CA,1970-01-01 00:00:01.595199927,41,75.2,55.74,-97.86,9.17
Souillac,75,MU,1970-01-01 00:00:01.595199664,77,68.0,-20.52,57.52,14.99
Guerrero Negro,4,MX,1970-01-01 00:00:01.595199927,63,77.29,27.98,-114.06,17.92
São João da Barra,0,BR,1970-01-01 00:00:01.595199736,87,70.56,-21.64,-41.05,11.1
Hambantota,85,LK,1970-01-01 00:00:01.595199927,83,79.23,6.12,81.12,7.07
Kaitangata,97,NZ,1970-01-01 00:00:01.595199927,74,46.99,-46.28,169.85,5.99
Arraial do Cabo,0,BR,1970-01-01 00:00:01.595199927,84,71.19,-22.97,-42.03,23.0
Fes,14,MA,1970-01-01 00:00:01.595199715,45,86.0,34.04,-5.0,10.29
New Norfolk,78,AU,1970-01-01 00:00:01.595199928,78,45.0,-42.78,147.06,5.99
Berbera,1,SO,1970-01-01 00:00:01.595199928,45,87.53,10.44,45.01,21.0
Mataura,90,NZ,1970-01-01 00:00:01.595199707,83,39.0,-46.19,168.86,3.0
Turukhansk,100,RU,1970-01-01 00:00:01.595199928,64,56.52,65.82,87.98,5.95
Bredasdorp,4,ZA,1970-01-01 00:00:01.595199928,93,55.4,-34.53,20.04,0.69
Laas,20,IT,1970-01-01 00:00:01.595199713,72,60.8,46.62,10.7,3.36
Snezhnogorsk,8,RU,1970-01-01 00:00:01.595199929,87,57.2,69.19,33.25,9.42
Bontang,7,ID,1970-01-01 00:00:01.595199929,88,77.14,0.13,117.5,5.41
Virginia Beach,75,US,1970-01-01 00:00:01.595199674,59,96.01,36.85,-75.98,6.93
Buluang,99,PH,1970-01-01 00:00:01.595199929,84,78.71,13.31,123.34,1.45
Las Mercedes,53,VE,1970-01-01 00:00:01.595199929,92,76.73,9.11,-66.4,2.91
Meulaboh,97,ID,1970-01-01 00:00:01.595199929,85,78.22,4.14,96.13,4.56
Hermanus,3,ZA,1970-01-01 00:00:01.595199702,96,53.01,-34.42,19.23,3.0
Te Anau,100,NZ,1970-01-01 00:00:01.595199929,85,45.81,-45.42,167.72,1.68
Taveta,56,KE,1970-01-01 00:00:01.595199930,79,63.93,-3.4,37.67,6.22
Cockburn Town,40,TC,1970-01-01 00:00:01.595199930,74,84.2,21.46,-71.14,18.34
Sitka,90,US,1970-01-01 00:00:01.595199930,100,55.4,57.05,-135.33,8.05
Muravlenko,94,RU,1970-01-01 00:00:01.595199930,83,52.68,63.79,74.52,20.49
Sakakah,0,SA,1970-01-01 00:00:01.595199930,9,93.2,29.97,40.21,11.41
Bambous Virieux,75,MU,1970-01-01 00:00:01.595199922,77,68.0,-20.34,57.76,14.99
Upernavik,64,GL,1970-01-01 00:00:01.595199930,54,49.46,72.79,-56.15,7.4
Touros,40,BR,1970-01-01 00:00:01.595199931,88,77.0,-5.2,-35.46,4.7
Nueva Gerona,98,CU,1970-01-01 00:00:01.595199826,59,86.38,21.88,-82.8,4.41
Eugene,20,US,1970-01-01 00:00:01.595199921,29,90.0,44.05,-123.09,12.75
Cidreira,57,BR,1970-01-01 00:00:01.595199931,78,66.33,-30.18,-50.21,9.89
Yellowknife,75,CA,1970-01-01 00:00:01.595199637,56,71.6,62.46,-114.35,10.29
Ust-Nera,100,RU,1970-01-01 00:00:01.595199931,63,60.73,64.57,143.2,4.45
Dawlatabad,0,AF,1970-01-01 00:00:01.595199931,17,78.93,36.41,64.91,6.8
Vargashi,63,RU,1970-01-01 00:00:01.595199931,75,69.87,55.36,65.85,2.59
Nikolskoye,5,RU,1970-01-01 00:00:01.595199698,77,62.6,59.7,30.79,4.47
Barrow,40,US,1970-01-01 00:00:01.595199932,74,37.4,71.29,-156.79,12.75
Am Timan,100,TD,1970-01-01 00:00:01.595199725,91,72.05,11.03,20.28,8.21
Aklavik,75,CA,1970-01-01 00:00:01.595199923,66,50.0,68.22,-135.01,2.24
Marzuq,28,YE,1970-01-01 00:00:01.595199932,50,78.13,14.4,46.47,2.15
Kungurtug,0,RU,1970-01-01 00:00:01.595199932,50,51.21,50.6,97.52,1.32
Yulara,90,AU,1970-01-01 00:00:01.595199932,71,53.6,-25.24,130.99,10.29
Tasiilaq,0,GL,1970-01-01 00:00:01.595199933,76,50.0,65.61,-37.64,9.17
Berlevåg,100,NO,1970-01-01 00:00:01.595199933,88,52.36,70.86,29.09,7.0
College,75,US,1970-01-01 00:00:01.595199933,56,72.0,64.86,-147.8,3.36
Keti Bandar,89,PK,1970-01-01 00:00:01.595199933,78,85.93,24.14,67.45,20.42
Liusha,97,CN,1970-01-01 00:00:01.595199933,100,64.24,27.21,108.59,1.83
Bubaque,100,GW,1970-01-01 00:00:01.595199933,83,80.17,11.28,-15.83,17.96
Rovereto,23,IT,1970-01-01 00:00:01.595199934,76,71.01,45.89,11.04,1.03
Olafsvik,21,IS,1970-01-01 00:00:01.595199934,79,48.27,64.89,-23.71,6.53
Kenitra,40,MA,1970-01-01 00:00:01.595199934,94,69.8,34.26,-6.58,6.93
Ilulissat,91,GL,1970-01-01 00:00:01.595199934,46,53.6,69.22,-51.1,2.24
Mossamedes,0,AO,1970-01-01 00:00:01.595199934,73,67.46,-15.2,12.15,7.02
Todos Santos,5,MX,1970-01-01 00:00:01.595199934,73,82.0,23.45,-110.22,4.0
Lucapa,0,AO,1970-01-01 00:00:01.595199934,38,59.45,-8.42,20.74,3.47
Machinga,1,MW,1970-01-01 00:00:01.595199935,85,55.98,-15.17,35.3,2.8
Maragogi,52,BR,1970-01-01 00:00:01.595199935,87,74.37,-9.01,-35.22,12.12
Saint-Augustin,55,CA,1970-01-01 00:00:01.595199707,61,71.17,51.23,-58.65,11.05
Kostino,96,RU,1970-01-01 00:00:01.595199935,95,59.49,58.91,53.27,9.37
Los Llanos de Aridane,0,ES,1970-01-01 00:00:01.595199935,78,78.01,28.66,-17.92,14.99
Trat,100,TH,1970-01-01 00:00:01.595199935,88,76.91,12.5,102.5,1.9
Talnakh,94,RU,1970-01-01 00:00:01.595199935,81,48.2,69.49,88.4,15.66
Juegang,98,CN,1970-01-01 00:00:01.595199935,95,73.67,32.32,121.19,4.14
Nsanje,1,MW,1970-01-01 00:00:01.595199936,90,60.46,-16.92,35.26,3.09
Yārāda,40,IN,1970-01-01 00:00:01.595199936,88,82.4,17.65,83.27,4.7
Ballina,0,AU,1970-01-01 00:00:01.595199936,100,62.01,-28.87,153.57,7.65
Kabanjahe,40,ID,1970-01-01 00:00:01.595199936,100,77.0,3.1,98.49,2.24
Hamilton,40,US,1970-01-01 00:00:01.595199936,100,73.4,39.18,-84.53,11.41
Chumikan,100,RU,1970-01-01 00:00:01.595199932,95,53.92,54.72,135.31,11.43
Pokhara,99,NP,1970-01-01 00:00:01.595199936,85,71.15,28.23,83.98,1.54
Chokurdakh,67,RU,1970-01-01 00:00:01.595199707,44,72.93,70.63,147.92,17.31
Esim,41,GH,1970-01-01 00:00:01.595199936,92,75.02,4.87,-2.24,6.13
Dakar,20,SN,1970-01-01 00:00:01.595199937,88,80.6,14.69,-17.44,4.7
Mahajanga,20,MG,1970-01-01 00:00:01.595199937,49,71.6,-15.72,46.32,12.75
Saint George,1,US,1970-01-01 00:00:01.595199851,7,107.01,37.1,-113.58,12.75
Sheregesh,40,RU,1970-01-01 00:00:01.595199937,82,52.9,52.92,87.99,2.55
Sørland,68,NO,1970-01-01 00:00:01.595199740,85,55.11,67.67,12.69,12.24
Hirara,40,JP,1970-01-01 00:00:01.595199937,83,84.2,24.8,125.28,6.93
Vaini,90,TO,1970-01-01 00:00:01.595199930,100,66.2,-21.2,-175.2,4.7
Aasiaat,98,GL,1970-01-01 00:00:01.595199937,66,45.63,68.71,-52.87,7.14
Castro,21,BR,1970-01-01 00:00:01.595199938,90,58.01,-24.79,-50.01,3.53
Mahébourg,75,MU,1970-01-01 00:00:01.595199938,77,68.0,-20.41,57.7,14.99
Buchanan,75,LR,1970-01-01 00:00:01.595199938,94,77.0,5.88,-10.05,10.29
Monrovia,75,LR,1970-01-01 00:00:01.595199938,94,77.0,6.3,-10.8,11.12
Sa Kaeo,100,TH,1970-01-01 00:00:01.595199938,93,76.71,13.81,102.07,2.75
Ancud,20,CL,1970-01-01 00:00:01.595199938,100,48.99,-41.87,-73.82,6.93
Brewster,1,US,1970-01-01 00:00:01.595199938,55,87.8,41.4,-73.62,12.75
Kroya,45,ID,1970-01-01 00:00:01.595199938,88,74.82,-7.63,109.25,6.4
Tancheng,99,CN,1970-01-01 00:00:01.595199939,93,78.24,27.44,115.5,1.59
Berezovyy,92,RU,1970-01-01 00:00:01.595199939,82,71.51,51.67,135.7,2.68
Ahipara,68,NZ,1970-01-01 00:00:01.595199844,80,61.95,-35.17,173.17,4.61
High Rock,40,BS,1970-01-01 00:00:01.595199731,79,84.2,26.62,-78.28,11.41
West Wendover,1,US,1970-01-01 00:00:01.595199836,11,96.8,40.74,-114.07,9.17
Alofi,100,NU,1970-01-01 00:00:01.595199664,74,78.8,-19.06,-169.92,12.75
Kieta,0,PG,1970-01-01 00:00:01.595199940,67,83.71,-6.22,155.63,4.88
Porto-Novo,40,BJ,1970-01-01 00:00:01.595199730,94,77.0,6.5,2.6,6.93
Saint-François,0,FR,1970-01-01 00:00:01.595199940,77,63.0,46.42,3.91,3.36
Vila do Maio,75,CV,1970-01-01 00:00:01.595199940,78,78.8,15.13,-23.22,12.75
Jiuquan,97,CN,1970-01-01 00:00:01.595199940,21,72.16,39.74,98.52,1.83
Coahuayana Viejo,75,MX,1970-01-01 00:00:01.595199940,69,82.4,18.73,-103.68,11.41
Nome,75,US,1970-01-01 00:00:01.595199694,62,57.2,64.5,-165.41,9.17
Borogontsy,70,RU,1970-01-01 00:00:01.595199940,70,75.81,62.67,131.17,6.64
Saskylakh,38,RU,1970-01-01 00:00:01.595199941,67,56.97,71.92,114.08,10.25
Hasaki,75,JP,1970-01-01 00:00:01.595199704,94,75.99,35.73,140.83,8.05
Karasburg,0,NA,1970-01-01 00:00:01.595199941,29,58.86,-28.02,18.75,11.45
Muaná,100,BR,1970-01-01 00:00:01.595199941,74,79.39,-1.53,-49.22,7.11
Aden,49,YE,1970-01-01 00:00:01.595199941,68,86.36,12.78,45.04,20.94
Sakaiminato,75,JP,1970-01-01 00:00:01.595199941,88,80.6,35.55,133.23,2.24
São Luiz Gonzaga,0,BR,1970-01-01 00:00:01.595199821,84,67.5,-28.41,-54.96,8.01
Goundam,7,ML,1970-01-01 00:00:01.595199845,42,91.45,16.41,-3.67,1.39
Mawlaik,100,MM,1970-01-01 00:00:01.595199942,94,76.98,23.63,94.42,2.26
Tautira,75,PF,1970-01-01 00:00:01.595199699,69,80.6,-17.73,-149.15,4.7
Eureka,10,US,1970-01-01 00:00:01.595199934,79,68.0,40.8,-124.16,7.0
Auch,0,FR,1970-01-01 00:00:01.595199942,55,73.99,43.65,0.58,2.3
Saint Paul Harbor,90,US,1970-01-01 00:00:01.595199794,87,57.2,57.79,-152.41,10.29
Ozark,23,US,1970-01-01 00:00:01.595199942,49,91.0,37.02,-93.21,1.01
Kachug,1,RU,1970-01-01 00:00:01.595199942,69,49.17,53.96,105.88,3.38
San Pedro de Lloc,11,PE,1970-01-01 00:00:01.595199943,79,63.14,-7.43,-79.51,14.99
Ulladulla,0,AU,1970-01-01 00:00:01.595199784,53,52.0,-35.35,150.47,11.41
Atambua,5,ID,1970-01-01 00:00:01.595199943,79,68.54,-9.11,124.89,5.01
Rāmpura,57,IN,1970-01-01 00:00:01.595199943,76,82.49,30.25,75.23,10.16
Poopó,0,BO,1970-01-01 00:00:01.595199943,41,48.0,-18.37,-66.97,5.5
Lebu,1,CL,1970-01-01 00:00:01.595199711,90,51.49,-37.62,-73.65,12.59
Bambanglipuro,42,ID,1970-01-01 00:00:01.595199943,89,75.02,-7.95,110.28,7.0
Bukene,3,TZ,1970-01-01 00:00:01.595199943,58,60.67,-4.23,32.88,5.75
Eyl,92,SO,1970-01-01 00:00:01.595199944,64,79.18,7.98,49.82,24.67
Helong,100,CN,1970-01-01 00:00:01.595199944,91,63.99,42.54,129.0,1.79
Jaqué,100,PA,1970-01-01 00:00:01.595199944,82,81.19,7.52,-78.17,4.99
Linxia Chengguanzhen,45,CN,1970-01-01 00:00:01.595199944,64,56.41,35.6,103.21,2.82
Ubinskoye,67,RU,1970-01-01 00:00:01.595199944,93,65.28,55.31,79.68,6.33
Petropavlovka,4,RU,1970-01-01 00:00:01.595199944,64,52.21,50.61,105.32,2.08
Fort Nelson,75,CA,1970-01-01 00:00:01.595199944,43,73.4,58.81,-122.7,11.41
Montgomery,20,US,1970-01-01 00:00:01.595199749,44,96.8,39.15,-77.2,4.7
Gemeente Wageningen,90,NL,1970-01-01 00:00:01.595199945,93,61.0,51.97,5.67,8.05
Kozhva,3,RU,1970-01-01 00:00:01.595199945,94,49.15,65.11,57.05,0.89
Lüderitz,0,NA,1970-01-01 00:00:01.595199737,26,71.6,-26.65,15.16,11.41
Comodoro Rivadavia,90,AR,1970-01-01 00:00:01.595199897,100,42.8,-45.87,-67.5,14.99
Doha,21,QA,1970-01-01 00:00:01.595199936,75,97.0,25.29,51.53,4.7
Southern Pines,90,US,1970-01-01 00:00:01.595199945,53,95.0,35.17,-79.39,4.7
Angoche,1,MZ,1970-01-01 00:00:01.595199814,82,70.84,-16.23,39.91,9.82
Zabaykal'sk,0,RU,1970-01-01 00:00:01.595199945,83,52.23,49.63,117.32,11.56
Kruisfontein,0,ZA,1970-01-01 00:00:01.595199946,40,52.77,-34.0,24.73,4.85
Lorengau,76,PG,1970-01-01 00:00:01.595199946,70,83.82,-2.02,147.27,9.48
Broome,20,US,1970-01-01 00:00:01.595199716,83,73.99,42.25,-75.83,8.05
Nanortalik,3,GL,1970-01-01 00:00:01.595199702,75,48.94,60.14,-45.24,7.18
Camacha,20,PT,1970-01-01 00:00:01.595199946,77,69.8,33.08,-16.33,9.17
Lodja,93,CD,1970-01-01 00:00:01.595199946,46,71.37,-3.48,23.43,1.57
Aripuanã,38,BR,1970-01-01 00:00:01.595199946,46,82.26,-9.17,-60.63,2.37
Valdepeñas,35,ES,1970-01-01 00:00:01.595199947,20,82.99,38.76,-3.38,1.01
Hithadhoo,100,MV,1970-01-01 00:00:01.595199812,77,83.52,-0.6,73.08,16.37
Prieska,0,ZA,1970-01-01 00:00:01.595199947,39,48.78,-29.66,22.75,1.1
Salalah,75,OM,1970-01-01 00:00:01.595199947,88,80.6,17.02,54.09,4.7
Wangou,100,CN,1970-01-01 00:00:01.595199947,98,61.65,42.06,126.91,2.19
Tahe,100,CN,1970-01-01 00:00:01.595199947,95,62.56,52.33,124.73,6.15
San Juan del Sur,40,NI,1970-01-01 00:00:01.595199947,83,82.4,11.25,-85.87,17.22
Kharan,1,PK,1970-01-01 00:00:01.595199947,61,83.28,28.58,65.42,11.48
Hue,20,VN,1970-01-01 00:00:01.595199800,83,78.8,16.47,107.6,4.7
San Quintín,0,MX,1970-01-01 00:00:01.595199714,53,77.77,30.48,-115.95,19.62
El Dorado,1,US,1970-01-01 00:00:01.595199948,52,93.2,33.21,-92.67,5.82
Lavrentiya,66,RU,1970-01-01 00:00:01.595199948,62,50.4,65.58,-171.0,10.0
Mount Gambier,40,AU,1970-01-01 00:00:01.595199948,93,44.6,-37.83,140.77,6.93
Takoradze,7,GH,1970-01-01 00:00:01.595199948,91,75.07,4.88,-1.76,6.82
Toora-Khem,0,RU,1970-01-01 00:00:01.595199948,69,50.54,52.47,96.11,1.34
Portland,20,US,1970-01-01 00:00:01.595199922,40,91.0,45.52,-122.68,10.29
Ponta do Sol,20,PT,1970-01-01 00:00:01.595199708,64,71.6,32.67,-17.1,6.93
General Roca,72,AR,1970-01-01 00:00:01.595199949,87,51.8,-39.03,-67.58,3.36
Praia,75,CV,1970-01-01 00:00:01.595199945,78,78.8,14.92,-23.51,12.75
Uray,36,RU,1970-01-01 00:00:01.595199949,78,61.2,60.12,64.78,11.86
Vilyuysk,100,RU,1970-01-01 00:00:01.595199949,91,60.33,63.76,121.62,9.71
Yantal',0,RU,1970-01-01 00:00:01.595199920,76,50.56,56.85,105.25,1.86
Lompoc,6,US,1970-01-01 00:00:01.595199949,64,71.01,34.64,-120.46,16.11
Qandala,53,SO,1970-01-01 00:00:01.595199950,57,86.32,11.47,49.87,8.16
Kahului,20,US,1970-01-01 00:00:01.595199950,55,87.8,20.89,-156.47,27.51
Muhos,62,FI,1970-01-01 00:00:01.595199950,87,59.0,64.81,25.99,2.24
Saint John,90,CA,1970-01-01 00:00:01.595199950,100,64.0,45.27,-66.07,12.75
Necochea,76,AR,1970-01-01 00:00:01.595199950,95,52.0,-38.55,-58.74,8.01
Tateyama,75,JP,1970-01-01 00:00:01.595199950,94,75.2,34.98,139.87,1.12
Pevek,0,RU,1970-01-01 00:00:01.595199950,58,46.87,69.7,170.31,5.14
Esperance,90,AU,1970-01-01 00:00:01.595199951,87,46.4,-33.87,121.9,5.82
Cabo San Lucas,20,MX,1970-01-01 00:00:01.595199675,33,96.01,22.89,-109.91,21.92
Dalvik,40,IS,1970-01-01 00:00:01.595199951,76,48.2,65.97,-18.53,10.29
Kitimat,69,CA,1970-01-01 00:00:01.595199951,64,72.0,54.05,-128.65,1.01
Dingle,63,PH,1970-01-01 00:00:01.595199951,85,79.0,11.0,122.67,3.65
Samaná,75,DO,1970-01-01 00:00:01.595199951,83,82.4,19.21,-69.34,4.7
Ostrovnoy,0,RU,1970-01-01 00:00:01.595199951,72,61.88,68.05,39.51,14.52
Port-Cartier,75,CA,1970-01-01 00:00:01.595199951,77,71.01,50.03,-66.87,11.41
Yar-Sale,0,RU,1970-01-01 00:00:01.595199755,82,48.18,66.83,70.83,8.66
São José de Piranhas,38,BR,1970-01-01 00:00:01.595199952,77,71.65,-7.12,-38.5,10.58
Santa Fe,68,AR,1970-01-01 00:00:01.595199952,75,66.0,-31.63,-60.7,7.0
Usogorsk,0,RU,1970-01-01 00:00:01.595199952,83,52.59,63.41,48.69,4.47
Velvary,95,CZ,1970-01-01 00:00:01.595199952,93,64.0,50.28,14.24,5.82
Basti,100,IN,1970-01-01 00:00:01.595199683,96,78.39,26.8,82.72,5.68
Nacozari,21,MX,1970-01-01 00:00:01.595199953,54,96.01,25.34,-108.26,11.01
Bengkulu,46,ID,1970-01-01 00:00:01.595199674,91,75.4,-3.8,102.27,5.06
Yāval,100,IN,1970-01-01 00:00:01.595199953,82,79.61,21.17,75.7,10.94
Kamaishi,90,JP,1970-01-01 00:00:01.595199743,87,69.71,39.27,141.88,1.81
Gamba,76,GA,1970-01-01 00:00:01.595199953,82,72.77,-2.65,10.0,5.35
Rasrā,100,IN,1970-01-01 00:00:01.595199953,91,80.37,25.85,83.85,5.41
Tuatapere,96,NZ,1970-01-01 00:00:01.595199953,83,39.0,-46.13,167.68,3.0
Vrangel',100,RU,1970-01-01 00:00:01.595199953,85,66.38,42.73,133.08,17.34
Dire Dawa,3,ET,1970-01-01 00:00:01.595199954,60,68.72,9.59,41.87,21.65
Moranbah,34,AU,1970-01-01 00:00:01.595199954,66,63.7,-22.0,148.05,6.2
Kaoma,0,ZM,1970-01-01 00:00:01.595199954,78,48.24,-14.78,24.8,6.08
Ibotirama,22,BR,1970-01-01 00:00:01.595199954,60,69.94,-12.19,-43.22,5.44
Dhārchula,57,IN,1970-01-01 00:00:01.595199954,75,68.4,29.85,80.53,1.59
Buraidah,8,SA,1970-01-01 00:00:01.595199753,23,95.0,26.33,43.98,9.17
Sola,90,VU,1970-01-01 00:00:01.595199715,83,78.8,-13.88,167.55,6.93
Kumluca,0,TR,1970-01-01 00:00:01.595199955,57,78.42,36.37,30.29,1.54
Iqaluit,90,CA,1970-01-01 00:00:01.595199955,100,42.8,63.75,-68.51,5.82
Kovūr,100,IN,1970-01-01 00:00:01.595199955,82,80.89,14.48,79.98,9.46
Katsuura,75,JP,1970-01-01 00:00:01.595199955,94,78.01,35.13,140.3,1.12
Poum,34,NC,1970-01-01 00:00:01.595199955,63,71.82,-20.23,164.02,12.01
Kaeo,71,NZ,1970-01-01 00:00:01.595199955,3,60.01,-35.1,173.78,1.01
Presidencia Roque Sáenz Peña,72,AR,1970-01-01 00:00:01.595199710,47,78.39,-26.79,-60.44,9.04
Rocky Mount,1,US,1970-01-01 00:00:01.595199955,50,96.8,35.94,-77.79,10.29
Torbay,20,CA,1970-01-01 00:00:01.595199914,49,71.6,47.67,-52.73,11.41
Adiaké,20,CI,1970-01-01 00:00:01.595199956,100,75.2,5.29,-3.3,5.82
Poronaysk,100,RU,1970-01-01 00:00:01.595199956,94,60.64,49.22,143.12,5.21
Mongo,91,TD,1970-01-01 00:00:01.595199956,78,74.8,12.18,18.69,14.63
Krasnyye Baki,96,RU,1970-01-01 00:00:01.595199956,98,59.52,57.13,45.16,4.03
Narsaq,21,GL,1970-01-01 00:00:01.595199784,38,60.8,60.92,-46.05,6.93
Troisdorf,61,DE,1970-01-01 00:00:01.595199956,72,70.0,50.82,7.17,6.93
Klyuchi,8,RU,1970-01-01 00:00:01.595199956,88,62.94,52.27,79.17,5.39
Peniche,2,PT,1970-01-01 00:00:01.595199957,85,64.99,39.36,-9.38,4.0
Leningradskiy,52,RU,1970-01-01 00:00:01.595199957,71,41.05,69.38,178.42,7.54
Araouane,30,ML,1970-01-01 00:00:01.595199755,26,97.57,18.9,-3.53,0.04
Kuna,1,US,1970-01-01 00:00:01.595199957,16,93.99,43.49,-116.42,11.41
Le Port,42,RE,1970-01-01 00:00:01.595199957,63,64.4,-20.94,55.29,8.05
Shache,0,CN,1970-01-01 00:00:01.595199739,55,68.14,38.42,77.24,5.48
Avera,1,US,1970-01-01 00:00:01.595199957,37,96.8,33.19,-82.53,8.05
Artesia,1,US,1970-01-01 00:00:01.595199958,47,87.01,33.87,-118.08,12.75
Kargopol',0,RU,1970-01-01 00:00:01.595199958,83,52.43,61.51,38.95,1.9
Isangel,40,VU,1970-01-01 00:00:01.595199958,73,75.2,-19.55,169.27,4.7
Mpulungu,0,ZM,1970-01-01 00:00:01.595199958,60,66.31,-8.76,31.11,9.89
Marsá Maţrūḩ,20,EG,1970-01-01 00:00:01.595199958,78,75.2,31.35,27.25,8.21
Longyearbyen,75,SJ,1970-01-01 00:00:01.595199924,87,44.6,78.22,15.64,11.41
Bilibino,0,RU,1970-01-01 00:00:01.595199958,38,67.64,68.05,166.44,1.19
Waipawa,90,NZ,1970-01-01 00:00:01.595199741,59,62.01,-41.41,175.52,9.84
Chumphon,100,TH,1970-01-01 00:00:01.595199959,98,74.08,10.33,98.83,0.92
Natal,40,BR,1970-01-01 00:00:01.595199778,88,77.0,-5.79,-35.21,8.05
Ürümqi,94,CN,1970-01-01 00:00:01.595199707,41,78.8,43.8,87.6,6.71
Saint Anthony,1,US,1970-01-01 00:00:01.595199959,39,82.4,45.02,-93.22,19.46
Coquimbo,100,CL,1970-01-01 00:00:01.595199733,87,55.4,-29.95,-71.34,6.93
Port Hardy,20,CA,1970-01-01 00:00:01.595199959,64,68.0,50.7,-127.42,19.46
Carutapera,89,BR,1970-01-01 00:00:01.595199959,85,76.19,-1.2,-46.02,6.49
Mt. Pleasant,1,US,1970-01-01 00:00:01.595199959,70,88.0,32.79,-79.86,10.29
Dunedin,67,NZ,1970-01-01 00:00:01.595199793,72,48.0,-45.87,170.5,5.99
Aswān,28,EG,1970-01-01 00:00:01.595199960,16,88.03,24.09,32.91,7.85
Golyshmanovo,32,RU,1970-01-01 00:00:01.595199960,86,66.36,56.4,68.37,5.88
Henties Bay,0,NA,1970-01-01 00:00:01.595199960,24,72.0,-22.12,14.28,7.87
Magadan,16,RU,1970-01-01 00:00:01.595199942,62,60.66,59.57,150.8,3.87
Opuwo,0,NA,1970-01-01 00:00:01.595199960,42,53.01,-18.06,13.84,9.1
Caravelas,92,BR,1970-01-01 00:00:01.595199960,82,71.94,-17.71,-39.25,7.27
La Ronge,75,CA,1970-01-01 00:00:01.595199734,68,68.0,55.1,-105.28,9.17
Saint-Joseph,40,RE,1970-01-01 00:00:01.595199961,72,62.6,-21.37,55.62,4.7
Half Moon Bay,5,US,1970-01-01 00:00:01.595199825,56,75.99,37.46,-122.43,9.17
Lata,0,PT,1970-01-01 00:00:01.595199961,82,66.0,40.16,-8.33,2.01
Kilindoni,0,TZ,1970-01-01 00:00:01.595199961,71,76.84,-7.91,39.67,22.12
Alyangula,0,AU,1970-01-01 00:00:01.595199961,100,64.4,-13.85,136.42,2.24
Gushikawa,1,JP,1970-01-01 00:00:01.595199961,88,84.0,26.35,127.87,3.36
Pangnirtung,100,CA,1970-01-01 00:00:01.595199961,52,59.34,66.15,-65.71,1.61
Panguna,0,PG,1970-01-01 00:00:01.595199961,71,78.26,-6.32,155.48,1.48
San Patricio,40,MX,1970-01-01 00:00:01.595199962,74,87.8,19.22,-104.7,11.41
Gramsh,0,AL,1970-01-01 00:00:01.595199962,70,59.97,40.87,20.18,2.55
Gravdal,87,NO,1970-01-01 00:00:01.595199962,87,54.54,68.12,13.5,10.63
Abnūb,3,EG,1970-01-01 00:00:01.595199962,44,80.6,27.27,31.15,6.93
Maniitsoq,69,GL,1970-01-01 00:00:01.595199962,79,50.79,65.42,-52.9,2.28
Tura,100,IN,1970-01-01 00:00:01.595199962,99,74.61,25.52,90.22,7.02
San Vicente,1,AR,1970-01-01 00:00:01.595199962,83,64.06,-26.62,-54.13,3.67
Shirokiy,100,RU,1970-01-01 00:00:01.595199963,76,67.8,49.76,129.52,11.21
Kudahuvadhoo,100,MV,1970-01-01 00:00:01.595199963,79,82.58,2.67,72.89,21.63
Duminichi,17,RU,1970-01-01 00:00:01.595199963,92,54.36,53.93,35.11,3.36
Bahía Blanca,84,AR,1970-01-01 00:00:01.595199963,73,54.23,-38.72,-62.27,10.2
Balasheyka,0,RU,1970-01-01 00:00:01.595199963,92,57.16,53.28,48.09,5.57
Antalaha,7,MG,1970-01-01 00:00:01.595199963,83,66.69,-14.9,50.28,10.87
Arlit,68,NE,1970-01-01 00:00:01.595199963,33,90.27,18.74,7.39,12.53
‘Āhuimanu,75,US,1970-01-01 00:00:01.595199964,65,89.6,21.44,-157.84,14.99
Padang,40,ID,1970-01-01 00:00:01.595199964,94,73.4,-0.95,100.35,2.24
Piquete,0,BR,1970-01-01 00:00:01.595199964,65,59.81,-22.61,-45.18,1.79
Roald,10,NO,1970-01-01 00:00:01.595199666,87,53.6,62.58,6.13,8.05
Samthar,97,IN,1970-01-01 00:00:01.595199964,62,89.46,25.85,78.92,10.8
Izumo,75,JP,1970-01-01 00:00:01.595199964,83,80.6,35.37,132.77,5.82
Tcholliré,97,CM,1970-01-01 00:00:01.595199964,95,71.35,8.4,14.17,2.44
Tuburan,75,PH,1970-01-01 00:00:01.595199965,94,75.2,6.64,122.27,2.24
Ankang,32,CN,1970-01-01 00:00:01.595199965,62,72.0,32.68,109.02,1.16
Taoudenni,46,ML,1970-01-01 00:00:01.595199965,15,101.97,22.68,-3.98,5.61
Port Lincoln,55,AU,1970-01-01 00:00:01.595199965,70,52.14,-34.73,135.87,5.79
Kupang,20,ID,1970-01-01 00:00:01.595199965,83,73.4,-10.17,123.58,9.17
Beyneu,0,KZ,1970-01-01 00:00:01.595199965,23,86.0,45.32,55.2,14.76
Lékoni,91,GA,1970-01-01 00:00:01.595199965,69,76.82,-1.58,14.26,3.6
Sur,63,OM,1970-01-01 00:00:01.595199966,75,85.75,22.57,59.53,12.73
Victoria Point,0,AU,1970-01-01 00:00:01.595199966,72,63.0,-27.58,153.3,4.0
Lovozero,4,RU,1970-01-01 00:00:01.595199966,80,60.4,68.0,35.01,5.82
Emerald,1,AU,1970-01-01 00:00:01.595199966,62,60.01,-23.53,148.17,5.82
Gizo Government Station,12,SB,1970-01-01 00:00:01.595199840,74,82.02,-8.1,156.84,4.94
Fare,80,PF,1970-01-01 00:00:01.595199966,81,77.76,-16.7,-151.02,20.24
Bandarbeyla,71,SO,1970-01-01 00:00:01.595199966,62,79.79,9.49,50.81,23.29
Flin Flon,20,CA,1970-01-01 00:00:01.595199967,38,73.4,54.77,-101.86,8.05
Pilar,90,BR,1970-01-01 00:00:01.595199967,100,71.6,-9.6,-35.96,6.93
Tiksi,16,RU,1970-01-01 00:00:01.595199950,59,61.77,71.69,128.87,9.26
Äänekoski,77,FI,1970-01-01 00:00:01.595199967,100,62.01,62.69,25.82,1.12
Denpasar,75,ID,1970-01-01 00:00:01.595199801,100,78.8,-8.65,115.22,10.29
Patna,75,IN,1970-01-01 00:00:01.595199690,94,78.8,25.6,85.12,4.7
Xinqing,100,CN,1970-01-01 00:00:01.595199959,95,60.69,48.23,129.5,5.73
Forsytheganj,4,BY,1970-01-01 00:00:01.595199967,89,57.31,52.63,29.73,2.66
Acarí,67,PE,1970-01-01 00:00:01.595199967,65,62.33,-15.43,-74.62,4.45
Pisco,20,PE,1970-01-01 00:00:01.595199704,77,64.4,-13.7,-76.22,18.34
Havøysund,99,NO,1970-01-01 00:00:01.595199968,76,53.6,71.0,24.66,4.7
Pemangkat,78,ID,1970-01-01 00:00:01.595199676,85,75.51,1.17,108.97,5.12
Dryden,90,CA,1970-01-01 00:00:01.595199968,76,57.2,49.78,-92.75,6.93
Concarneau,78,FR,1970-01-01 00:00:01.595199968,93,59.0,47.88,-3.92,10.29
Río Gallegos,40,AR,1970-01-01 00:00:01.595199968,90,32.0,-51.62,-69.22,4.7
Sovetsk,100,RU,1970-01-01 00:00:01.595199968,90,62.31,55.08,21.88,3.56
Shalinskoye,26,RU,1970-01-01 00:00:01.595199969,83,52.79,55.72,93.76,2.73
Arkhangelsk,0,RU,1970-01-01 00:00:01.595199969,93,51.8,64.54,40.54,2.24
Carballo,20,ES,1970-01-01 00:00:01.595199969,88,69.01,43.21,-8.69,6.93
Muros,2,ES,1970-01-01 00:00:01.595199722,82,66.0,42.78,-9.06,11.01
Nouadhibou,11,MR,1970-01-01 00:00:01.595199966,88,71.6,20.93,-17.03,12.75
Nishihara,75,JP,1970-01-01 00:00:01.595199969,88,84.2,26.18,127.76,8.05
Pak Phanang,84,TH,1970-01-01 00:00:01.595199969,84,79.11,8.35,100.2,5.68
Nakasongola,19,UG,1970-01-01 00:00:01.595199969,85,61.99,1.31,32.46,2.19
Srostki,55,RU,1970-01-01 00:00:01.595199970,89,58.14,52.42,85.7,3.51
Los Teques,40,VE,1970-01-01 00:00:01.595199970,74,82.4,10.34,-67.04,5.82
Road Town,20,VG,1970-01-01 00:00:01.595199714,66,86.0,18.42,-64.62,12.75
Lethem,98,GY,1970-01-01 00:00:01.595199970,84,78.17,3.38,-59.8,6.04
Bagpat,75,IN,1970-01-01 00:00:01.595199924,88,87.01,28.95,77.22,4.7
Mayo,1,US,1970-01-01 00:00:01.595199970,66,93.2,38.89,-76.51,11.41
Verkhoyansk,51,RU,1970-01-01 00:00:01.595199970,65,68.63,67.54,133.38,5.06
Champerico,75,GT,1970-01-01 00:00:01.595199971,88,82.4,14.3,-91.92,6.93
Kenai,90,US,1970-01-01 00:00:01.595199735,77,62.6,60.55,-151.26,16.11
Edd,99,ER,1970-01-01 00:00:01.595199971,57,91.44,13.93,41.69,0.58
Waiouru,17,NZ,1970-01-01 00:00:01.595199971,67,52.97,-39.48,175.67,3.27
Kununurra,0,AU,1970-01-01 00:00:01.595199961,25,57.2,-15.77,128.73,5.55
Karatau,29,KZ,1970-01-01 00:00:01.595199971,16,79.29,43.17,70.47,8.63
Lamesa,90,US,1970-01-01 00:00:01.595199971,26,95.0,32.74,-101.95,9.17
Kidal,45,ML,1970-01-01 00:00:01.595199971,35,89.64,18.44,1.41,5.3
Robertsport,100,LR,1970-01-01 00:00:01.595199972,87,76.86,6.75,-11.37,11.54
Macas,40,EC,1970-01-01 00:00:01.595199972,82,66.2,-2.32,-78.12,8.05
Luganville,75,VU,1970-01-01 00:00:01.595199972,69,75.2,-15.53,167.17,4.7
Jieshi,100,CN,1970-01-01 00:00:01.595199972,82,83.28,22.81,115.83,7.31
Philadelphia,20,US,1970-01-01 00:00:01.595199937,46,93.99,39.95,-75.16,10.29
Vestmannaeyjar,34,IS,1970-01-01 00:00:01.595199931,81,49.64,63.44,-20.27,12.37
Port Hedland,0,AU,1970-01-01 00:00:01.595199972,67,59.0,-20.32,118.57,9.17
Kunnamkulam,75,IN,1970-01-01 00:00:01.595199973,88,78.8,10.65,76.08,3.36
Ukiah,1,US,1970-01-01 00:00:01.595199973,26,96.8,39.15,-123.21,6.93
Vila Velha,75,BR,1970-01-01 00:00:01.595199973,94,69.8,-20.33,-40.29,5.82
Deputatsky,100,RU,1970-01-01 00:00:01.595199973,65,59.83,69.3,139.9,2.93
Kołobrzeg,97,PL,1970-01-01 00:00:01.595199687,75,71.01,54.18,15.58,8.75
Pierre,1,US,1970-01-01 00:00:01.595199902,39,80.6,44.37,-100.35,9.17
Sinnamary,84,GF,1970-01-01 00:00:01.595199749,82,79.11,5.38,-52.95,9.13
Chișinău,57,MD,1970-01-01 00:00:01.595199973,82,66.2,47.01,28.86,3.36
Oxapampa,39,PE,1970-01-01 00:00:01.595199974,85,62.13,-10.58,-75.4,1.1
Tessalit,9,ML,1970-01-01 00:00:01.595199974,30,88.7,20.2,1.01,8.55
Adolfo López Mateos,81,MX,1970-01-01 00:00:01.595199974,50,75.0,28.47,-107.3,5.99
Noumea,35,NC,1970-01-01 00:00:01.595199812,77,72.0,-22.28,166.46,4.7
Darnah,0,LY,1970-01-01 00:00:01.595199974,77,75.04,32.77,22.64,17.11
Grindavik,75,IS,1970-01-01 00:00:01.595199974,87,48.2,63.84,-22.43,6.93
Raja,100,SS,1970-01-01 00:00:01.595199975,95,67.57,8.46,25.68,3.87
Province of Mantua,0,IT,1970-01-01 00:00:01.595199975,65,71.01,45.17,10.78,3.0
Erenhot,8,CN,1970-01-01 00:00:01.595199907,32,72.0,43.65,111.98,6.69
Paamiut,93,GL,1970-01-01 00:00:01.595199784,79,47.71,61.99,-49.67,2.91
Geraldton,0,AU,1970-01-01 00:00:01.595199975,81,48.2,-28.77,114.6,1.12
Gympie,0,AU,1970-01-01 00:00:01.595199975,90,55.99,-26.19,152.66,2.89
Obo,100,CF,1970-01-01 00:00:01.595199975,97,66.79,5.4,26.49,3.18
Singaraja,9,ID,1970-01-01 00:00:01.595199976,74,77.85,-8.11,115.09,3.2
Esso,98,RU,1970-01-01 00:00:01.595199952,68,51.96,55.93,158.7,5.59
Roebourne,0,AU,1970-01-01 00:00:01.595199976,69,61.54,-20.78,117.13,12.3
Alta Floresta,74,BR,1970-01-01 00:00:01.595199976,39,79.23,-9.88,-56.09,4.81
Colesberg,0,ZA,1970-01-01 00:00:01.595199976,58,40.78,-30.72,25.1,2.3
Nago,1,JP,1970-01-01 00:00:01.595199976,88,84.0,26.59,127.98,3.36
Cap Malheureux,33,MU,1970-01-01 00:00:01.595199976,78,66.0,-19.98,57.61,3.0
Kipini,64,KE,1970-01-01 00:00:01.595199976,72,76.55,-2.53,40.53,20.36
Marquette,23,US,1970-01-01 00:00:01.595199977,41,80.01,46.53,-87.63,7.0
Ternate,48,ID,1970-01-01 00:00:01.595199977,78,80.46,0.8,127.4,3.44
Batagay-Alyta,99,RU,1970-01-01 00:00:01.595199977,74,62.73,67.8,130.41,2.35
Mount Isa,43,AU,1970-01-01 00:00:01.595199977,20,62.6,-20.73,139.5,4.7
Kamenka,0,RU,1970-01-01 00:00:01.595199977,91,60.01,51.32,42.77,3.89
Lipari,0,IT,1970-01-01 00:00:01.595199977,69,75.0,38.47,14.95,5.99
Solnechnyy,98,RU,1970-01-01 00:00:01.595199977,72,75.51,50.72,136.63,2.26
Port Blair,99,IN,1970-01-01 00:00:01.595199977,78,80.71,11.67,92.75,2.84
Guabito,75,PA,1970-01-01 00:00:01.595199978,83,84.2,9.5,-82.62,10.29
Svetlaya,99,RU,1970-01-01 00:00:01.595199978,77,63.91,46.54,138.33,3.0
San Carlos,84,VE,1970-01-01 00:00:01.595199978,88,77.2,9.66,-68.58,3.02
Ossora,96,RU,1970-01-01 00:00:01.595199978,88,52.84,59.24,163.07,15.23
Kutum,94,SD,1970-01-01 00:00:01.595199978,59,74.5,14.2,24.67,8.75
Bud,40,US,1970-01-01 00:00:01.595199978,88,75.2,39.45,-86.18,5.82
Kropotkin,7,RU,1970-01-01 00:00:01.595199978,57,72.09,45.44,40.58,7.25
Rocha,95,UY,1970-01-01 00:00:01.595199979,92,65.19,-34.48,-54.33,4.72
Belmonte,75,BR,1970-01-01 00:00:01.595199979,94,69.8,-15.86,-38.88,2.24
Kimbe,4,PG,1970-01-01 00:00:01.595199979,71,83.03,-5.55,150.14,3.29
São Félix do Xingu,10,BR,1970-01-01 00:00:01.595199979,50,77.23,-6.64,-51.99,2.91
Provincie Utrecht,100,NL,1970-01-01 00:00:01.595199903,89,61.0,52.0,5.25,1.99
Rosarito,1,MX,1970-01-01 00:00:01.595199979,57,81.0,32.33,-117.03,12.75
Tame,45,CO,1970-01-01 00:00:01.595199979,86,76.84,6.46,-71.73,1.7
Acapulco de Juárez,75,MX,1970-01-01 00:00:01.595199979,74,87.8,16.86,-99.89,5.82
Morro Bay,16,US,1970-01-01 00:00:01.595199901,84,80.01,35.37,-120.85,4.0
Clovis,40,US,1970-01-01 00:00:01.595199980,20,102.99,36.83,-119.7,8.05
Muisne,88,EC,1970-01-01 00:00:01.595199980,87,73.76,0.6,-80.03,10.98
Zhigansk,99,RU,1970-01-01 00:00:01.595199980,65,61.7,66.77,123.37,5.57
Messina,20,IT,1970-01-01 00:00:01.595199739,88,73.0,38.19,15.55,0.43
Independência,41,BR,1970-01-01 00:00:01.595199980,57,75.49,-5.4,-40.31,4.85
Karsun,0,RU,1970-01-01 00:00:01.595199980,93,56.16,54.2,46.98,5.99
Kyabram,0,AU,1970-01-01 00:00:01.595199980,86,45.0,-36.32,145.05,8.01
Lagoa,29,PT,1970-01-01 00:00:01.595199981,79,69.19,39.05,-27.98,5.14
Sisimiut,78,GL,1970-01-01 00:00:01.595199705,72,53.29,66.94,-53.67,4.85
Sandovo,97,RU,1970-01-01 00:00:01.595199981,85,57.51,58.46,36.41,2.8
Gerāsh,0,IR,1970-01-01 00:00:01.595199981,54,83.17,27.67,54.14,2.06
Biak,66,ID,1970-01-01 00:00:01.595199981,81,77.36,-0.91,122.88,7.56
Gigmoto,85,PH,1970-01-01 00:00:01.595199982,81,81.39,13.78,124.39,5.26
Palmer,75,US,1970-01-01 00:00:01.595199971,43,89.6,42.16,-72.33,9.17
Boueni,75,YT,1970-01-01 00:00:01.595199982,69,77.0,-12.9,45.08,23.04
Madang,20,PG,1970-01-01 00:00:01.595199898,75,81.99,-5.22,145.8,1.92
Mergen,100,CN,1970-01-01 00:00:01.595199720,92,65.08,49.18,125.22,3.4
Plettenberg Bay,0,ZA,1970-01-01 00:00:01.595199982,63,57.56,-34.05,23.37,3.27
Mae Hong Son,100,TH,1970-01-01 00:00:01.595199982,85,73.47,19.3,97.97,0.69
Oranjemund,0,NA,1970-01-01 00:00:01.595199953,35,62.58,-28.55,16.43,4.88
Taraclia,0,MD,1970-01-01 00:00:01.595199983,56,67.26,45.9,28.67,2.35
Quatre Cocos,75,MU,1970-01-01 00:00:01.595199983,77,68.0,-20.21,57.76,14.99
Illapel,82,CL,1970-01-01 00:00:01.595199983,76,57.65,-31.63,-71.17,4.03
Narkevychi,100,UA,1970-01-01 00:00:01.595199983,88,60.85,49.52,26.64,4.56
Namwala,0,ZM,1970-01-01 00:00:01.595199983,88,46.74,-15.75,26.44,2.66
Krasnoyarsk,50,RU,1970-01-01 00:00:01.595199983,93,48.2,56.01,92.79,2.17
Baracoa,81,CU,1970-01-01 00:00:01.595199785,75,82.98,20.35,-74.5,7.2
Osakarovka,44,KZ,1970-01-01 00:00:01.595199983,42,62.42,50.56,72.57,8.39
Lagunas,16,PE,1970-01-01 00:00:01.595199956,94,75.88,-5.23,-75.68,3.24
Chinhoyi,0,ZW,1970-01-01 00:00:01.595199984,86,48.34,-17.37,30.2,4.34
Huarmey,85,PE,1970-01-01 00:00:01.595199984,77,63.18,-10.07,-78.15,9.24
Tsimmerbude,27,RU,1970-01-01 00:00:01.595199984,88,64.4,54.67,20.13,2.24
Aleksandrovsk-Sakhalinskiy,99,RU,1970-01-01 00:00:01.595199984,90,64.04,50.9,142.16,2.21
Burnie,12,AU,1970-01-01 00:00:01.595199838,63,46.99,-41.07,145.92,15.99
Lábrea,71,BR,1970-01-01 00:00:01.595199984,68,80.83,-7.26,-64.8,1.45
Mayumba,32,GA,1970-01-01 00:00:01.595199984,91,70.45,-3.43,10.66,5.26
Araure,71,VE,1970-01-01 00:00:01.595199985,62,84.2,9.56,-69.21,14.99
Petatlán,5,MX,1970-01-01 00:00:01.595199985,63,91.4,17.52,-101.27,10.29
Bashtanka,0,UA,1970-01-01 00:00:01.595199985,63,68.52,47.41,32.44,8.68
Booué,96,GA,1970-01-01 00:00:01.595199829,90,72.5,-0.09,11.94,4.0
Corocito,8,HN,1970-01-01 00:00:01.595199985,76,83.64,15.75,-85.78,3.71
Sibolga,19,ID,1970-01-01 00:00:01.595199985,81,76.14,1.74,98.78,3.87
Altay,38,CN,1970-01-01 00:00:01.595199985,51,63.7,47.87,88.12,1.95
Boddam,31,GB,1970-01-01 00:00:01.595199985,81,52.0,57.47,-1.78,6.93
Namatanai,2,PG,1970-01-01 00:00:01.595199846,64,83.93,-3.67,152.43,6.76
Hofn,51,IS,1970-01-01 00:00:01.595199784,60,55.0,64.25,-15.21,7.34
Dodge City,1,US,1970-01-01 00:00:01.595199986,55,90.0,37.75,-100.02,9.17
Moshi,75,TZ,1970-01-01 00:00:01.595199986,73,64.02,-3.35,37.33,1.95
Caraballeda,40,VE,1970-01-01 00:00:01.595199986,74,82.4,10.61,-66.85,5.82
Port Augusta,90,AU,1970-01-01 00:00:01.595199728,76,48.2,-32.5,137.77,4.7
Kerman,0,IR,1970-01-01 00:00:01.595199986,18,73.4,30.28,57.08,11.41
Calabozo,98,VE,1970-01-01 00:00:01.595199986,91,77.2,8.92,-67.43,0.85
Amapá,72,BR,1970-01-01 00:00:01.595199987,96,72.46,1.0,-52.0,1.59
Anking,100,CN,1970-01-01 00:00:01.595199987,84,71.38,30.51,117.05,1.99
Cantapoy,90,PH,1970-01-01 00:00:01.595199987,82,79.21,9.49,125.44,2.95
Malbork,0,PL,1970-01-01 00:00:01.595199987,77,66.0,54.04,19.03,3.36
Iranshahr,18,IR,1970-01-01 00:00:01.595199987,49,89.76,27.2,60.68,0.85
Kumul,76,CN,1970-01-01 00:00:01.595199987,19,84.27,42.8,93.45,9.08
Aquiraz,20,BR,1970-01-01 00:00:01.595199987,78,78.8,-3.9,-38.39,6.93
Bull Savanna,99,JM,1970-01-01 00:00:01.595199988,76,80.17,17.89,-77.59,2.57
Barranca,21,PE,1970-01-01 00:00:01.595199988,83,60.64,-10.75,-77.77,8.43
Bon Air,1,US,1970-01-01 00:00:01.595199988,41,97.0,37.52,-77.56,9.17
Clyde River,90,CA,1970-01-01 00:00:01.595199715,75,46.4,70.47,-68.59,9.17
Beloha,0,MG,1970-01-01 00:00:01.595199988,81,60.84,-25.17,45.05,10.09
Māngrol,98,IN,1970-01-01 00:00:01.595199988,82,83.37,21.12,70.12,14.65
Alice Springs,65,AU,1970-01-01 00:00:01.595199988,61,46.4,-23.7,133.88,10.42
Devonport,15,AU,1970-01-01 00:00:01.595199911,71,48.99,-41.17,146.35,1.99
Cláudio,0,BR,1970-01-01 00:00:01.595199989,64,59.16,-20.44,-44.77,5.21
Treinta y Tres,81,UY,1970-01-01 00:00:01.595199989,81,68.54,-33.23,-54.38,10.8
Namtsy,35,RU,1970-01-01 00:00:01.595199989,78,73.4,62.72,129.67,6.71
Seminole,5,US,1970-01-01 00:00:01.595199989,52,89.6,28.71,-81.21,12.75
Ozernovskiy,99,RU,1970-01-01 00:00:01.595199989,91,51.1,51.5,156.52,11.45
Gao,34,ML,1970-01-01 00:00:01.595199989,38,92.32,16.64,1.64,4.43
Kiruna,92,SE,1970-01-01 00:00:01.595199989,93,53.6,67.86,20.23,3.36
Okha,97,RU,1970-01-01 00:00:01.595199989,87,56.07,53.57,142.95,11.21
Lashma,0,RU,1970-01-01 00:00:01.595199990,95,55.63,54.93,41.14,2.73
Horta,59,PT,1970-01-01 00:00:01.595199990,75,69.4,38.53,-28.63,3.49
Quesnel,90,CA,1970-01-01 00:00:01.595199990,56,69.8,53.0,-122.5,4.7
Alappuzha,89,IN,1970-01-01 00:00:01.595199990,88,79.12,9.49,76.33,3.67
Karachi,75,PK,1970-01-01 00:00:01.595199990,79,86.0,24.91,67.08,13.87
Guaca,40,CO,1970-01-01 00:00:01.595199990,73,77.0,6.88,-72.86,5.82
Lat Yao,100,TH,1970-01-01 00:00:01.595199990,80,80.19,15.75,99.79,3.67
Havre-St-Pierre,1,CA,1970-01-01 00:00:01.595199991,77,69.8,50.23,-63.6,9.17
Kibakwe,0,TZ,1970-01-01 00:00:01.595199991,70,57.99,-6.72,36.37,3.62
Gazli,0,UZ,1970-01-01 00:00:01.595199991,18,83.32,40.13,63.45,6.87
Alihe,98,CN,1970-01-01 00:00:01.595199991,82,63.28,50.57,123.72,2.42
Grand Gaube,45,MU,1970-01-01 00:00:01.595199841,77,66.0,-20.01,57.66,5.01
Sibu,40,MY,1970-01-01 00:00:01.595199991,94,75.2,2.3,111.82,3.36
Beian,75,NO,1970-01-01 00:00:01.595199991,87,53.6,63.66,9.57,3.36
